FIRST NAME,LAST NAME,PRIMARY PHONE,SECONDARY PHONE,EMAIL,SECONDARY EMAIL,BUSINESS NAME,CITY,STREET,WEBSITE URL
nadeem1,khan1,12341,23251,nadeem1@gmail.com,khan1@gmail.com,dealer1,nagpur,tulsibagh,nuds.com
nadeem2,khan2,12342,23252,nadeem2@gmail.com,khan2@gmail.com,dealer2,nagpur,tulsibagh,nuds.com
nadeem3,khan3,12343,23253,nadeem3@gmail.com,khan3@gmail.com,dealer3,nagpur,tulsibagh,nuds.com
nadeem4,khan4,12344,23254,nadeem4@gmail.com,khan4@gmail.com,dealer4,nagpur,tulsibagh,nuds.com
nadeem5,khan5,12345,23255,nadeem5@gmail.com,khan5@gmail.com,dealer5,nagpur,tulsibagh,nuds.com
nadeem6,khan6,12346,23256,nadeem6@gmail.com,khan6@gmail.com,dealer6,nagpur,tulsibagh,nuds.com
nadeem7,khan7,12347,23257,nadeem7@gmail.com,khan7@gmail.com,dealer7,nagpur,tulsibagh,nuds.com
nadeem8,khan8,12348,23258,nadeem8@gmail.com,khan8@gmail.com,dealer8,nagpur,tulsibagh,nuds.com
nadeem9,khan9,12349,23259,nadeem9@gmail.com,khan9@gmail.com,dealer9,nagpur,tulsibagh,nuds.com
nadeem10,khan10,123410,23260,nadeem10@gmail.com,khan10@gmail.com,dealer10,nagpur,tulsibagh,nuds.com
nadeem11,khan11,56775,23261,nadeem1@gmail.com,khan1@gmail.com,dealer11,nagpur,tulsibagh,nuds.com
nadeem12,khan12,62833.81818,23262,nadeem2@gmail.com,khan2@gmail.com,dealer12,nagpur,tulsibagh,nuds.com
nadeem13,khan13,68892.63636,23263,nadeem3@gmail.com,khan3@gmail.com,dealer13,nagpur,tulsibagh,nuds.com
nadeem14,khan14,74951.45455,23264,nadeem4@gmail.com,khan4@gmail.com,dealer14,nagpur,tulsibagh,nuds.com
nadeem15,khan15,81010.27273,23265,nadeem5@gmail.com,khan5@gmail.com,dealer15,nagpur,tulsibagh,nuds.com
nadeem16,khan16,87069.09091,23266,nadeem6@gmail.com,khan6@gmail.com,dealer16,nagpur,tulsibagh,nuds.com
nadeem17,khan17,93127.90909,23267,nadeem7@gmail.com,khan7@gmail.com,dealer17,nagpur,tulsibagh,nuds.com
nadeem18,khan18,99186.72727,23268,nadeem8@gmail.com,khan8@gmail.com,dealer18,nagpur,tulsibagh,nuds.com
nadeem19,khan19,105245.5455,23269,nadeem9@gmail.com,khan9@gmail.com,dealer19,nagpur,tulsibagh,nuds.com
nadeem20,khan20,111304.3636,23270,nadeem10@gmail.com,khan10@gmail.com,dealer20,nagpur,tulsibagh,nuds.com
nadeem21,khan21,117363.1818,23271,nadeem1@gmail.com,khan1@gmail.com,dealer21,nagpur,tulsibagh,nuds.com
nadeem22,khan22,123422,23272,nadeem2@gmail.com,khan2@gmail.com,dealer22,nagpur,tulsibagh,nuds.com
nadeem23,khan23,129480.8182,23273,nadeem3@gmail.com,khan3@gmail.com,dealer23,nagpur,tulsibagh,nuds.com
nadeem24,khan24,135539.6364,23274,nadeem4@gmail.com,khan4@gmail.com,dealer24,nagpur,tulsibagh,nuds.com
nadeem25,khan25,141598.4545,23275,nadeem5@gmail.com,khan5@gmail.com,dealer25,nagpur,tulsibagh,nuds.com
nadeem26,khan26,147657.2727,23276,nadeem6@gmail.com,khan6@gmail.com,dealer26,nagpur,tulsibagh,nuds.com
nadeem27,khan27,153716.0909,23277,nadeem7@gmail.com,khan7@gmail.com,dealer27,nagpur,tulsibagh,nuds.com
nadeem28,khan28,159774.9091,23278,nadeem8@gmail.com,khan8@gmail.com,dealer28,nagpur,tulsibagh,nuds.com
nadeem29,khan29,165833.7273,23279,nadeem9@gmail.com,khan9@gmail.com,dealer29,nagpur,tulsibagh,nuds.com
nadeem30,khan30,171892.5455,23280,nadeem10@gmail.com,khan10@gmail.com,dealer30,nagpur,tulsibagh,nuds.com
nadeem31,khan31,177951.3636,23281,nadeem1@gmail.com,khan1@gmail.com,dealer31,nagpur,tulsibagh,nuds.com
nadeem32,khan32,184010.1818,23282,nadeem2@gmail.com,khan2@gmail.com,dealer32,nagpur,tulsibagh,nuds.com
nadeem33,khan33,190069,23283,nadeem3@gmail.com,khan3@gmail.com,dealer33,nagpur,tulsibagh,nuds.com
nadeem34,khan34,196127.8182,23284,nadeem4@gmail.com,khan4@gmail.com,dealer34,nagpur,tulsibagh,nuds.com
nadeem35,khan35,202186.6364,23285,nadeem5@gmail.com,khan5@gmail.com,dealer35,nagpur,tulsibagh,nuds.com
nadeem36,khan36,208245.4545,23286,nadeem6@gmail.com,khan6@gmail.com,dealer36,nagpur,tulsibagh,nuds.com
nadeem37,khan37,214304.2727,23287,nadeem7@gmail.com,khan7@gmail.com,dealer37,nagpur,tulsibagh,nuds.com
nadeem38,khan38,220363.0909,23288,nadeem8@gmail.com,khan8@gmail.com,dealer38,nagpur,tulsibagh,nuds.com
nadeem39,khan39,226421.9091,23289,nadeem9@gmail.com,khan9@gmail.com,dealer39,nagpur,tulsibagh,nuds.com
nadeem40,khan40,232480.7273,23290,nadeem10@gmail.com,khan10@gmail.com,dealer40,nagpur,tulsibagh,nuds.com
nadeem41,khan41,238539.5455,23291,nadeem1@gmail.com,khan1@gmail.com,dealer41,nagpur,tulsibagh,nuds.com
nadeem42,khan42,244598.3636,23292,nadeem2@gmail.com,khan2@gmail.com,dealer42,nagpur,tulsibagh,nuds.com
nadeem43,khan43,250657.1818,23293,nadeem3@gmail.com,khan3@gmail.com,dealer43,nagpur,tulsibagh,nuds.com
nadeem44,khan44,256716,23294,nadeem4@gmail.com,khan4@gmail.com,dealer44,nagpur,tulsibagh,nuds.com
nadeem45,khan45,262774.8182,23295,nadeem5@gmail.com,khan5@gmail.com,dealer45,nagpur,tulsibagh,nuds.com
nadeem46,khan46,268833.6364,23296,nadeem6@gmail.com,khan6@gmail.com,dealer46,nagpur,tulsibagh,nuds.com
nadeem47,khan47,274892.4545,23297,nadeem7@gmail.com,khan7@gmail.com,dealer47,nagpur,tulsibagh,nuds.com
nadeem48,khan48,280951.2727,23298,nadeem8@gmail.com,khan8@gmail.com,dealer48,nagpur,tulsibagh,nuds.com
nadeem49,khan49,287010.0909,23299,nadeem9@gmail.com,khan9@gmail.com,dealer49,nagpur,tulsibagh,nuds.com
nadeem50,khan50,293068.9091,23300,nadeem10@gmail.com,khan10@gmail.com,dealer50,nagpur,tulsibagh,nuds.com
nadeem51,khan51,299127.7273,23301,nadeem1@gmail.com,khan1@gmail.com,dealer51,nagpur,tulsibagh,nuds.com
nadeem52,khan52,305186.5455,23302,nadeem2@gmail.com,khan2@gmail.com,dealer52,nagpur,tulsibagh,nuds.com
nadeem53,khan53,311245.3636,23303,nadeem3@gmail.com,khan3@gmail.com,dealer53,nagpur,tulsibagh,nuds.com
nadeem54,khan54,317304.1818,23304,nadeem4@gmail.com,khan4@gmail.com,dealer54,nagpur,tulsibagh,nuds.com
nadeem55,khan55,323363,23305,nadeem5@gmail.com,khan5@gmail.com,dealer55,nagpur,tulsibagh,nuds.com
nadeem56,khan56,329421.8182,23306,nadeem6@gmail.com,khan6@gmail.com,dealer56,nagpur,tulsibagh,nuds.com
nadeem57,khan57,335480.6364,23307,nadeem7@gmail.com,khan7@gmail.com,dealer57,nagpur,tulsibagh,nuds.com
nadeem58,khan58,341539.4545,23308,nadeem8@gmail.com,khan8@gmail.com,dealer58,nagpur,tulsibagh,nuds.com
nadeem59,khan59,347598.2727,23309,nadeem9@gmail.com,khan9@gmail.com,dealer59,nagpur,tulsibagh,nuds.com
nadeem60,khan60,353657.0909,23310,nadeem10@gmail.com,khan10@gmail.com,dealer60,nagpur,tulsibagh,nuds.com
nadeem61,khan61,359715.9091,23311,nadeem1@gmail.com,khan1@gmail.com,dealer61,nagpur,tulsibagh,nuds.com
nadeem62,khan62,365774.7273,23312,nadeem2@gmail.com,khan2@gmail.com,dealer62,nagpur,tulsibagh,nuds.com
nadeem63,khan63,371833.5455,23313,nadeem3@gmail.com,khan3@gmail.com,dealer63,nagpur,tulsibagh,nuds.com
nadeem64,khan64,377892.3636,23314,nadeem4@gmail.com,khan4@gmail.com,dealer64,nagpur,tulsibagh,nuds.com
nadeem65,khan65,383951.1818,23315,nadeem5@gmail.com,khan5@gmail.com,dealer65,nagpur,tulsibagh,nuds.com
nadeem66,khan66,390010,23316,nadeem6@gmail.com,khan6@gmail.com,dealer66,nagpur,tulsibagh,nuds.com
nadeem67,khan67,396068.8182,23317,nadeem7@gmail.com,khan7@gmail.com,dealer67,nagpur,tulsibagh,nuds.com
nadeem68,khan68,402127.6364,23318,nadeem8@gmail.com,khan8@gmail.com,dealer68,nagpur,tulsibagh,nuds.com
nadeem69,khan69,408186.4545,23319,nadeem9@gmail.com,khan9@gmail.com,dealer69,nagpur,tulsibagh,nuds.com
nadeem70,khan70,414245.2727,23320,nadeem10@gmail.com,khan10@gmail.com,dealer70,nagpur,tulsibagh,nuds.com
nadeem71,khan71,420304.0909,23321,nadeem1@gmail.com,khan1@gmail.com,dealer71,nagpur,tulsibagh,nuds.com
nadeem72,khan72,426362.9091,23322,nadeem2@gmail.com,khan2@gmail.com,dealer72,nagpur,tulsibagh,nuds.com
nadeem73,khan73,432421.7273,23323,nadeem3@gmail.com,khan3@gmail.com,dealer73,nagpur,tulsibagh,nuds.com
nadeem74,khan74,438480.5455,23324,nadeem4@gmail.com,khan4@gmail.com,dealer74,nagpur,tulsibagh,nuds.com
nadeem75,khan75,444539.3636,23325,nadeem5@gmail.com,khan5@gmail.com,dealer75,nagpur,tulsibagh,nuds.com
nadeem76,khan76,450598.1818,23326,nadeem6@gmail.com,khan6@gmail.com,dealer76,nagpur,tulsibagh,nuds.com
nadeem77,khan77,456657,23327,nadeem7@gmail.com,khan7@gmail.com,dealer77,nagpur,tulsibagh,nuds.com
nadeem78,khan78,462715.8182,23328,nadeem8@gmail.com,khan8@gmail.com,dealer78,nagpur,tulsibagh,nuds.com
nadeem79,khan79,468774.6364,23329,nadeem9@gmail.com,khan9@gmail.com,dealer79,nagpur,tulsibagh,nuds.com
nadeem80,khan80,474833.4545,23330,nadeem10@gmail.com,khan10@gmail.com,dealer80,nagpur,tulsibagh,nuds.com
nadeem81,khan81,480892.2727,23331,nadeem1@gmail.com,khan1@gmail.com,dealer81,nagpur,tulsibagh,nuds.com
nadeem82,khan82,486951.0909,23332,nadeem2@gmail.com,khan2@gmail.com,dealer82,nagpur,tulsibagh,nuds.com
nadeem83,khan83,493009.9091,23333,nadeem3@gmail.com,khan3@gmail.com,dealer83,nagpur,tulsibagh,nuds.com
nadeem84,khan84,499068.7273,23334,nadeem4@gmail.com,khan4@gmail.com,dealer84,nagpur,tulsibagh,nuds.com
nadeem85,khan85,505127.5455,23335,nadeem5@gmail.com,khan5@gmail.com,dealer85,nagpur,tulsibagh,nuds.com
nadeem86,khan86,511186.3636,23336,nadeem6@gmail.com,khan6@gmail.com,dealer86,nagpur,tulsibagh,nuds.com
nadeem87,khan87,517245.1818,23337,nadeem7@gmail.com,khan7@gmail.com,dealer87,nagpur,tulsibagh,nuds.com
nadeem88,khan88,523304,23338,nadeem8@gmail.com,khan8@gmail.com,dealer88,nagpur,tulsibagh,nuds.com
nadeem89,khan89,529362.8182,23339,nadeem9@gmail.com,khan9@gmail.com,dealer89,nagpur,tulsibagh,nuds.com
nadeem90,khan90,535421.6364,23340,nadeem10@gmail.com,khan10@gmail.com,dealer90,nagpur,tulsibagh,nuds.com
nadeem91,khan91,541480.4545,23341,nadeem1@gmail.com,khan1@gmail.com,dealer91,nagpur,tulsibagh,nuds.com
nadeem92,khan92,547539.2727,23342,nadeem2@gmail.com,khan2@gmail.com,dealer92,nagpur,tulsibagh,nuds.com
nadeem93,khan93,553598.0909,23343,nadeem3@gmail.com,khan3@gmail.com,dealer93,nagpur,tulsibagh,nuds.com
nadeem94,khan94,559656.9091,23344,nadeem4@gmail.com,khan4@gmail.com,dealer94,nagpur,tulsibagh,nuds.com
nadeem95,khan95,565715.7273,23345,nadeem5@gmail.com,khan5@gmail.com,dealer95,nagpur,tulsibagh,nuds.com
nadeem96,khan96,571774.5455,23346,nadeem6@gmail.com,khan6@gmail.com,dealer96,nagpur,tulsibagh,nuds.com
nadeem97,khan97,577833.3636,23347,nadeem7@gmail.com,khan7@gmail.com,dealer97,nagpur,tulsibagh,nuds.com
nadeem98,khan98,583892.1818,23348,nadeem8@gmail.com,khan8@gmail.com,dealer98,nagpur,tulsibagh,nuds.com
nadeem99,khan99,589951,23349,nadeem9@gmail.com,khan9@gmail.com,dealer99,nagpur,tulsibagh,nuds.com
nadeem100,khan100,596009.8182,23350,nadeem10@gmail.com,khan10@gmail.com,dealer100,nagpur,tulsibagh,nuds.com
